-- tabela Oddzialy
INSERT INTO Oddzialy (ID_oddzial, Nazwa) VALUES (1, 'Gdañsk')
INSERT INTO Oddzialy (ID_oddzial, Nazwa) VALUES (2, 'Katowice')
INSERT INTO Oddzialy (ID_oddzial, Nazwa) VALUES (3, 'Kraków')
INSERT INTO Oddzialy (ID_oddzial, Nazwa) VALUES (4, '£ódŸ')
INSERT INTO Oddzialy (ID_oddzial, Nazwa) VALUES (5, 'Poznañ')
INSERT INTO Oddzialy (ID_oddzial, Nazwa) VALUES (6, 'Rzeszów')
INSERT INTO Oddzialy (ID_oddzial, Nazwa) VALUES (7, 'Warszawa')
INSERT INTO Oddzialy (ID_oddzial, Nazwa) VALUES (8, 'Wroc³aw')

SELECT * FROM Oddzialy

-- tabela ZamowieniaAsortyment
INSERT INTO ZamowieniaAsortyment (ID_zamowienie, Data_zlozenia_zamowienia, Data_odebrania_zamowienia, Cena, Szczegoly, ID_oddzial) VALUES(1, '2019-03-21 12:34:07', '2019-03-27 09:56:23', 570, '20 m taœmy, 5x opakowania nici czarnych', 1)
INSERT INTO ZamowieniaAsortyment (ID_zamowienie, Data_zlozenia_zamowienia, Data_odebrania_zamowienia, Cena, Szczegoly, ID_oddzial) VALUES(2, '2019-05-10 11:37:00', '2019-05-27 09:06:21', 780.89, '10x opakowania nici bia³ych, 10x opakowania nici czarnych, 1x belka podszewki czarnej, 1x belka bawe³ny czarnej, 15 szt igie³ S, 10 szt igie³ M', 1)
INSERT INTO ZamowieniaAsortyment (ID_zamowienie, Data_zlozenia_zamowienia, Data_odebrania_zamowienia, Cena, Szczegoly, ID_oddzial) VALUES(3, '2019-07-19 14:15:56', '2019-07-23 10:25:34', 1256.75, '5x stopek do maszyny, 30x opakowania nici czarnych, 10x opakowania nici szarych, 10 szt metrów krawickich, 100 szt myde³ek, 20 szt pisaków, 2 belki materia³u granatowego', 1)
INSERT INTO ZamowieniaAsortyment (ID_zamowienie, Data_zlozenia_zamowienia, Data_odebrania_zamowienia, Cena, Szczegoly, ID_oddzial) VALUES(4, '2020-02-04 08:32:19', '2020-02-04 11:13:00', 320.29, '5x oapkowania nici czarnych, 5x opakowania nici granatowych, 1x belka podszewki granatowej', 1)

INSERT INTO ZamowieniaAsortyment (ID_zamowienie, Data_zlozenia_zamowienia, Data_odebrania_zamowienia, Cena, Szczegoly, ID_oddzial) VALUES(5, '2019-04-25 08:12:09', '2019-05-01 15:58:29', 696.25, '10 m taœmy, 5x opakowania nici bia³ych, 2x belki podszewki bia³ej, 10 stopek', 2)
INSERT INTO ZamowieniaAsortyment (ID_zamowienie, Data_zlozenia_zamowienia, Data_odebrania_zamowienia, Cena, Szczegoly, ID_oddzial) VALUES(6, '2019-07-11 07:34:00', '2019-07-18 19:05:27', 340.50, '5x opakowania nici bia³ych, 5x opakowania nici czarnych, 1x belka podszewki szarej', 2)
INSERT INTO ZamowieniaAsortyment (ID_zamowienie, Data_zlozenia_zamowienia, Data_odebrania_zamowienia, Cena, Szczegoly, ID_oddzial) VALUES(7, '2019-11-15 12:25:38', '2019-11-22 10:45:39', 987.75, '10x stopek do maszyny, 25x opakowania nici czarnych, 10x opakowania nici szarych, 10 szt metrów krawickich, 100 szt myde³ek, 20 szt pisaków', 2)
INSERT INTO ZamowieniaAsortyment (ID_zamowienie, Data_zlozenia_zamowienia, Data_odebrania_zamowienia, Cena, Szczegoly, ID_oddzial) VALUES(8, '2020-03-12 09:35:19', '2020-03-19 11:23:10', 550.99, '5x oapkowania nici czarnych, 5x opakowania nici granatowych, 1x belka podszewki granatowej, 15 szt stoepk', 2)

INSERT INTO ZamowieniaAsortyment (ID_zamowienie, Data_zlozenia_zamowienia, Data_odebrania_zamowienia, Cena, Szczegoly, ID_oddzial) VALUES(9, '2019-06-23 10:17:19', '2019-06-29 15:58:23', 250.67, '15x opakowania nici bia³ych, 10 stopek, 10 pude³ek szpilek, 10 mude³ek, 8 szt taœm', 3)
INSERT INTO ZamowieniaAsortyment (ID_zamowienie, Data_zlozenia_zamowienia, Data_odebrania_zamowienia, Cena, Szczegoly, ID_oddzial) VALUES(10, '2019-09-13 08:24:10', '2019-09-20 09:39:08', 945.99, '5x opakowania nici czarnych, 1x belka podszewki szarej, 25 stopek, 1 belka bawe³ny, 100 szt zamków czarnych, 2 opk guzików czarnych, 3 opk guzików granatowych', 3)
INSERT INTO ZamowieniaAsortyment (ID_zamowienie, Data_zlozenia_zamowienia, Data_odebrania_zamowienia, Cena, Szczegoly, ID_oddzial) VALUES(11, '2019-12-05 15:05:48', '2019-12-14 16:24:59', 636.45, '10x opakowania nici szarych, 5 szt metrów krawickich, 50 szt myde³ek, 2 opk guzików bia³ych, 2x belka podszewki granatowej, 2 belki materia³u granatowego, 20 stopek', 3)
INSERT INTO ZamowieniaAsortyment (ID_zamowienie, Data_zlozenia_zamowienia, Data_odebrania_zamowienia, Cena, Szczegoly, ID_oddzial) VALUES(12, '2020-01-07 14:57:32', '2020-01-15 20:45:00', 1278.00, '1 belka we³ny, 5x oapkowania nici czarnych, 5x opakowania nici granatowych, 15 szt stoepk, 4 opk guzików czarnych, 2 belki podszewki bia³ej, 1 belka materia³u czerwonego, 50 zamków czranych', 3)

INSERT INTO ZamowieniaAsortyment (ID_zamowienie, Data_zlozenia_zamowienia, Data_odebrania_zamowienia, Cena, Szczegoly, ID_oddzial) VALUES(13, '2019-07-07 10:51:11', '2019-07-13 09:54:22', 337.99, '15x opakowania nici bia³ych, 10 stopek, 10 pude³ek szpilek, 10 mude³ek, 8 szt taœm', 4)
INSERT INTO ZamowieniaAsortyment (ID_zamowienie, Data_zlozenia_zamowienia, Data_odebrania_zamowienia, Cena, Szczegoly, ID_oddzial) VALUES(14, '2019-11-19 17:47:19', '2019-11-26 12:27:45', 1300.35, '5x opakowania nici czarnych, 1x belka podszewki szarej, 25 stopek, 1 belka bawe³ny, 100 szt zamków czarnych, 2 opk guzików czarnych, 3 opk guzików granatowych', 4)
INSERT INTO ZamowieniaAsortyment (ID_zamowienie, Data_zlozenia_zamowienia, Data_odebrania_zamowienia, Cena, Szczegoly, ID_oddzial) VALUES(15, '2020-01-12 20:09:12', '2020-01-17 16:31:33', 268.20, '10x opakowania nici szarych, 5 szt metrów krawickich, 50 szt myde³ek, 2 opk guzików bia³ych, 2x belka podszewki granatowej, 2 belki materia³u granatowego, 20 stopek', 4)
INSERT INTO ZamowieniaAsortyment (ID_zamowienie, Data_zlozenia_zamowienia, Data_odebrania_zamowienia, Cena, Szczegoly, ID_oddzial) VALUES(16, '2020-03-16 08:27:09', '2020-03-22 23:37:03', 546.15, '1 belka we³ny, 5x oapkowania nici czarnych, 5x opakowania nici granatowych, 15 szt stoepk, 4 opk guzików czarnych, 2 belki podszewki bia³ej, 1 belka materia³u czerwonego, 50 zamków czranych', 4)

INSERT INTO ZamowieniaAsortyment (ID_zamowienie, Data_zlozenia_zamowienia, Data_odebrania_zamowienia, Cena, Szczegoly, ID_oddzial) VALUES(17, '2019-04-14 10:37:09', '2019-04-19 15:58:23', 498.99, '15x opakowania nici bia³ych, 10 stopek, 10 pude³ek szpilek, 10 mude³ek, 8 szt taœm', 5)
INSERT INTO ZamowieniaAsortyment (ID_zamowienie, Data_zlozenia_zamowienia, Data_odebrania_zamowienia, Cena, Szczegoly, ID_oddzial) VALUES(18, '2019-07-18 07:21:17', '2019-07-23 09:43:28', 273.80, '5x opakowania nici czarnych, 1x belka podszewki szarej, 25 stopek, 1 belka bawe³ny, 100 szt zamków czarnych, 2 opk guzików czarnych, 3 opk guzików granatowych', 5)
INSERT INTO ZamowieniaAsortyment (ID_zamowienie, Data_zlozenia_zamowienia, Data_odebrania_zamowienia, Cena, Szczegoly, ID_oddzial) VALUES(19, '2019-11-25 17:05:28', '2019-11-29 10:04:09', 1100.50, '10x opakowania nici szarych, 5 szt metrów krawickich, 50 szt myde³ek, 2 opk guzików bia³ych, 2x belka podszewki granatowej, 2 belki materia³u granatowego, 20 stopek', 5)
INSERT INTO ZamowieniaAsortyment (ID_zamowienie, Data_zlozenia_zamowienia, Data_odebrania_zamowienia, Cena, Szczegoly, ID_oddzial) VALUES(20, '2020-03-17 14:57:32', '2020-03-20 21:45:10', 1243.61, '1 belka we³ny, 5x oapkowania nici czarnych, 5x opakowania nici granatowych, 15 szt stoepk, 4 opk guzików czarnych, 2 belki podszewki bia³ej, 1 belka materia³u czerwonego, 50 zamków czranych', 5)

INSERT INTO ZamowieniaAsortyment (ID_zamowienie, Data_zlozenia_zamowienia, Data_odebrania_zamowienia, Cena, Szczegoly, ID_oddzial) VALUES(21, '2019-05-12 10:45:15', '2019-05-19 16:25:51', 150.12, '15x opakowania nici bia³ych, 10 stopek, 10 pude³ek szpilek, 10 mude³ek, 8 szt taœm', 6)
INSERT INTO ZamowieniaAsortyment (ID_zamowienie, Data_zlozenia_zamowienia, Data_odebrania_zamowienia, Cena, Szczegoly, ID_oddzial) VALUES(22, '2020-08-23 09:13:11', '2020-08-28 07:42:03', 535.80, '5x opakowania nici czarnych, 1x belka podszewki szarej, 25 stopek, 1 belka bawe³ny, 100 szt zamków czarnych, 2 opk guzików czarnych, 3 opk guzików granatowych', 6)
INSERT INTO ZamowieniaAsortyment (ID_zamowienie, Data_zlozenia_zamowienia, Data_odebrania_zamowienia, Cena, Szczegoly, ID_oddzial) VALUES(23, '2020-02-07 14:23:37', '2020-02-14 19:24:00', 895.69, '10x opakowania nici szarych, 5 szt metrów krawickich, 50 szt myde³ek, 2 opk guzików bia³ych, 2x belka podszewki granatowej, 2 belki materia³u granatowego, 20 stopek', 6)

INSERT INTO ZamowieniaAsortyment (ID_zamowienie, Data_zlozenia_zamowienia, Data_odebrania_zamowienia, Cena, Szczegoly, ID_oddzial) VALUES(24, '2019-03-23 10:17:19', '2019-03-27 15:58:23', 689.10, '15x opakowania nici bia³ych, 10 stopek, 10 pude³ek szpilek, 10 mude³ek, 8 szt taœm', 7)
INSERT INTO ZamowieniaAsortyment (ID_zamowienie, Data_zlozenia_zamowienia, Data_odebrania_zamowienia, Cena, Szczegoly, ID_oddzial) VALUES(25, '2019-09-13 08:24:10', '2019-09-20 09:39:08', 1000.01, '5x opakowania nici czarnych, 1x belka podszewki szarej, 25 stopek, 1 belka bawe³ny, 100 szt zamków czarnych, 2 opk guzików czarnych, 3 opk guzików granatowych', 7)
INSERT INTO ZamowieniaAsortyment (ID_zamowienie, Data_zlozenia_zamowienia, Data_odebrania_zamowienia, Cena, Szczegoly, ID_oddzial) VALUES(26, '2020-02-05 15:05:48', '2020-12-14 16:24:59', 450.39, '10x opakowania nici szarych, 5 szt metrów krawickich, 50 szt myde³ek, 2 opk guzików bia³ych, 2x belka podszewki granatowej, 2 belki materia³u granatowego, 20 stopek', 7)
INSERT INTO ZamowieniaAsortyment (ID_zamowienie, Data_zlozenia_zamowienia, Data_odebrania_zamowienia, Cena, Szczegoly, ID_oddzial) VALUES(27, '2020-03-07 14:33:32', '2020-01-15 20:59:22', 642.63, '1 belka we³ny, 5x oapkowania nici czarnych, 5x opakowania nici granatowych, 15 szt stoepk, 4 opk guzików czarnych, 2 belki podszewki bia³ej, 1 belka materia³u czerwonego, 50 zamków czranych', 7)

INSERT INTO ZamowieniaAsortyment (ID_zamowienie, Data_zlozenia_zamowienia, Data_odebrania_zamowienia, Cena, Szczegoly, ID_oddzial) VALUES(28, '2019-06-23 11:37:52', '2019-06-29 15:41:55', 472.63, '15x opakowania nici bia³ych, 10 stopek, 10 pude³ek szpilek, 10 mude³ek, 8 szt taœm', 8)
INSERT INTO ZamowieniaAsortyment (ID_zamowienie, Data_zlozenia_zamowienia, Data_odebrania_zamowienia, Cena, Szczegoly, ID_oddzial) VALUES(29, '2019-09-13 15:41:44', '2019-09-20 09:45:18', 745.97, '5x opakowania nici czarnych, 1x belka podszewki szarej, 25 stopek, 1 belka bawe³ny, 100 szt zamków czarnych, 2 opk guzików czarnych, 3 opk guzików granatowych', 8)
INSERT INTO ZamowieniaAsortyment (ID_zamowienie, Data_zlozenia_zamowienia, Data_odebrania_zamowienia, Cena, Szczegoly, ID_oddzial) VALUES(30, '2020-12-05 08:49:21', '2020-12-14 18:18:00', 1759.30, '10x opakowania nici szarych, 5 szt metrów krawickich, 50 szt myde³ek, 2 opk guzików bia³ych, 2x belka podszewki granatowej, 2 belki materia³u granatowego, 20 stopek', 8)

SELECT * FROM ZamowieniaAsortyment

-- tabela Pracownicy

INSERT INTO Pracownicy (ID_pracownik, Imie, Nazwisko, Nr_telefonu, Data_urodzenia, Asortyment, Stanowisko, Plec, ID_oddzial) VALUES (1, 'Kinga', 'Kwiatek', 234998508, '1998-06-28 00:00:00', 1, 'Kierowniczka zmianowa', 0, 1)
INSERT INTO Pracownicy (ID_pracownik, Imie, Nazwisko, Nr_telefonu, Data_urodzenia, Asortyment, Stanowisko, Plec, ID_oddzial) VALUES (2, 'Karolina', 'Nowak', 567890987, '1975-03-12 00:00:00', 1, 'Kierowniczka zmianowa', 0, 2)
INSERT INTO Pracownicy (ID_pracownik, Imie, Nazwisko, Nr_telefonu, Data_urodzenia, Asortyment, Stanowisko, Plec, ID_oddzial) VALUES (3, 'Dominika', 'Dobrowolska', 634567890, '1989-12-02 00:00:00', 1, 'Kierowniczka zmianowa', 0, 2)
INSERT INTO Pracownicy (ID_pracownik, Imie, Nazwisko, Nr_telefonu, Data_urodzenia, Asortyment, Stanowisko, Plec, ID_oddzial) VALUES (4, 'Artur', 'Opio³ka', 655290825, '1971-05-24 00:00:00', 1, 'Kierownik zmianowy', 1, 3)
INSERT INTO Pracownicy (ID_pracownik, Imie, Nazwisko, Nr_telefonu, Data_urodzenia, Asortyment, Stanowisko, Plec, ID_oddzial) VALUES (5, 'Tomasz', 'Krasowski', 984575584, '1965-11-10 00:00:00', 1, 'Kierownik zmianowy', 1, 4)
INSERT INTO Pracownicy (ID_pracownik, Imie, Nazwisko, Nr_telefonu, Data_urodzenia, Asortyment, Stanowisko, Plec, ID_oddzial) VALUES (6, 'Marta', 'Wêgrzyk', 542598632, '1995-04-14 00:00:00', 1, 'Kierowniczka zmianowa', 0, 5)
INSERT INTO Pracownicy (ID_pracownik, Imie, Nazwisko, Nr_telefonu, Data_urodzenia, Asortyment, Stanowisko, Plec, ID_oddzial) VALUES (7, 'Anna', 'Chmiela', 698654642, '1988-07-01 00:00:00', 1, 'Kierowniczka zmianowa', 0, 6)
INSERT INTO Pracownicy (ID_pracownik, Imie, Nazwisko, Nr_telefonu, Data_urodzenia, Asortyment, Stanowisko, Plec, ID_oddzial) VALUES (8, 'Radek', 'Kubica', 480075321, '1976-02-14 00:00:00', 1, 'Kierownik zmianowy', 1, 7)
INSERT INTO Pracownicy (ID_pracownik, Imie, Nazwisko, Nr_telefonu, Data_urodzenia, Asortyment, Stanowisko, Plec, ID_oddzial) VALUES (9, 'Paulina', 'Kluz', 236897656, '1970-06-13 00:00:00', 1, 'Kierowniczka zmianowa', 0, 8)
INSERT INTO Pracownicy (ID_pracownik, Imie, Nazwisko, Nr_telefonu, Data_urodzenia, Asortyment, Stanowisko, Plec, ID_oddzial) VALUES (10, 'Monika', 'B¹bik', 900532124, '1993-04-19 00:00:00', 0, 'Krawcowa', 0, 1)
INSERT INTO Pracownicy (ID_pracownik, Imie, Nazwisko, Nr_telefonu, Data_urodzenia, Asortyment, Stanowisko, Plec, ID_oddzial) VALUES (11, 'Igor', 'D¹bek', 688654322, '1997-10-22 00:00:00', 1, 'Ksiêgowy', 1, 2)
INSERT INTO Pracownicy (ID_pracownik, Imie, Nazwisko, Nr_telefonu, Data_urodzenia, Asortyment, Stanowisko, Plec, ID_oddzial) VALUES (12, 'Jakub', 'Hadamczyk', 477743589, '1982-09-29 00:00:00', 0, 'Krawiec', 1, 3)
INSERT INTO Pracownicy (ID_pracownik, Imie, Nazwisko, Nr_telefonu, Data_urodzenia, Asortyment, Stanowisko, Plec, ID_oddzial) VALUES (13, 'Micha³', 'Ogrodowicz', 754323678, '1988-03-21 00:00:00', 0, 'Krawiec', 1, 4)
INSERT INTO Pracownicy (ID_pracownik, Imie, Nazwisko, Nr_telefonu, Data_urodzenia, Asortyment, Stanowisko, Plec, ID_oddzial) VALUES (14, 'Krzysztof', 'Domek', 009532346, '1974-01-28 00:00:00', 0, 'Szef', 1, 5)
INSERT INTO Pracownicy (ID_pracownik, Imie, Nazwisko, Nr_telefonu, Data_urodzenia, Asortyment, Stanowisko, Plec, ID_oddzial) VALUES (15, 'Agnieszka', 'Giza', 530263542, '1977-11-11 00:00:00', 0, 'Krawcowa', 0, 6)
INSERT INTO Pracownicy (ID_pracownik, Imie, Nazwisko, Nr_telefonu, Data_urodzenia, Asortyment, Stanowisko, Plec, ID_oddzial) VALUES (16, 'Wiktoria', 'Habrzyk', 801875372, '1986-06-16 00:00:00', 0, 'Krawcowa', 0, 7)
INSERT INTO Pracownicy (ID_pracownik, Imie, Nazwisko, Nr_telefonu, Data_urodzenia, Asortyment, Stanowisko, Plec, ID_oddzial) VALUES (17, 'Justyna', 'Malinowska', 062521926, '1999-05-25 00:00:00', 0, 'Krawcowa', 0, 8)
INSERT INTO Pracownicy (ID_pracownik, Imie, Nazwisko, Nr_telefonu, Data_urodzenia, Asortyment, Stanowisko, Plec, ID_oddzial) VALUES (18, 'Agata', 'Herok', 346808762, '1972-01-28 00:00:00', 0, 'Krawcowa', 0, 1)
INSERT INTO Pracownicy (ID_pracownik, Imie, Nazwisko, Nr_telefonu, Data_urodzenia, Asortyment, Stanowisko, Plec, ID_oddzial) VALUES (19, 'Zbigniew', 'Strama', 439047242, '1986-12-01 00:00:00', 0, 'Krawiec', 1, 2)
INSERT INTO Pracownicy (ID_pracownik, Imie, Nazwisko, Nr_telefonu, Data_urodzenia, Asortyment, Stanowisko, Plec, ID_oddzial) VALUES (20, 'Kondrad', 'Chmurka', 904872429, '1988-02-12 00:00:00', 0, 'Krawiec', 1, 3)
INSERT INTO Pracownicy (ID_pracownik, Imie, Nazwisko, Nr_telefonu, Data_urodzenia, Asortyment, Stanowisko, Plec, ID_oddzial) VALUES (21, 'Marcin', 'Pocztowski', 307325278, '1991-10-21 00:00:00', 0, 'Krawiec', 1, 4)
INSERT INTO Pracownicy (ID_pracownik, Imie, Nazwisko, Nr_telefonu, Data_urodzenia, Asortyment, Stanowisko, Plec, ID_oddzial) VALUES (22, 'Aleksandra', 'Nowak', 236435228, '1989-07-23 00:00:00', 0, 'Krawcowa', 0, 5)
INSERT INTO Pracownicy (ID_pracownik, Imie, Nazwisko, Nr_telefonu, Data_urodzenia, Asortyment, Stanowisko, Plec, ID_oddzial) VALUES (23, 'Sandra', 'Czapla', 632337673, '1979-08-15 00:00:00', 0, 'Krawcowa', 0, 6)
INSERT INTO Pracownicy (ID_pracownik, Imie, Nazwisko, Nr_telefonu, Data_urodzenia, Asortyment, Stanowisko, Plec, ID_oddzial) VALUES (24, 'Julia', 'Ka³u¿a', 345654308, '1977-04-17 00:00:00', 0, 'Krawcowa', 0, 7)
INSERT INTO Pracownicy (ID_pracownik, Imie, Nazwisko, Nr_telefonu, Data_urodzenia, Asortyment, Stanowisko, Plec, ID_oddzial) VALUES (25, 'Dagmara', '£abuz', 928634290, '1983-05-18 00:00:00', 0, 'Krawcowa', 0, 8)
INSERT INTO Pracownicy (ID_pracownik, Imie, Nazwisko, Nr_telefonu, Data_urodzenia, Asortyment, Stanowisko, Plec, ID_oddzial) VALUES (26, 'Rafa³', 'Lizak', 183634538, '1999-05-20 00:00:00', 0, 'BHP', 1, 1)
INSERT INTO Pracownicy (ID_pracownik, Imie, Nazwisko, Nr_telefonu, Data_urodzenia, Asortyment, Stanowisko, Plec, ID_oddzial) VALUES (27, 'Zuzanna', 'Mo³odij', 263537839, '1978-02-27 00:00:00', 0, 'Krawcowa', 0, 2)
INSERT INTO Pracownicy (ID_pracownik, Imie, Nazwisko, Nr_telefonu, Data_urodzenia, Asortyment, Stanowisko, Plec, ID_oddzial) VALUES (28, 'Beata', 'Tomala', 465454837, '1993-11-26 00:00:00', 1, 'IT', 0, 3)
INSERT INTO Pracownicy (ID_pracownik, Imie, Nazwisko, Nr_telefonu, Data_urodzenia, Asortyment, Stanowisko, Plec, ID_oddzial) VALUES (29, 'Dorota', 'Zra³ek', 539275382, '1985-12-23 00:00:00', 0, 'Sekretarka', 0, 4)
INSERT INTO Pracownicy (ID_pracownik, Imie, Nazwisko, Nr_telefonu, Data_urodzenia, Asortyment, Stanowisko, Plec, ID_oddzial) VALUES (30, 'Gra¿yna', 'Gendziwe³na', 862529368, '1984-07-19 00:00:00', 0, 'Krawcowa', 0, 5)

SELECT * FROM Pracownicy

-- tabela Wymiary

INSERT INTO Wymiary (ID_wymiary, Wzrost, Obwod_Klatka_Piersiowa, Obwod_Biodra, Obwod_Talia, Dlugosc_Reka, Dlugosc_Noga, Obwod_Nadgarstek, Obwod_Kostka, Obwod_Lydka, Obwod_Udo, Obwod_Szyja, Dlugosc_Klatka_Piersiowa) VALUES (1, 152, 92, 92, 76, 45, 80, 20, 20, 38, 56, 28, 50)
INSERT INTO Wymiary (ID_wymiary, Wzrost, Obwod_Klatka_Piersiowa, Obwod_Biodra, Obwod_Talia, Dlugosc_Reka, Dlugosc_Noga, Obwod_Nadgarstek, Obwod_Kostka, Obwod_Lydka, Obwod_Udo, Obwod_Szyja, Dlugosc_Klatka_Piersiowa) VALUES (2, 165, 89, 88, 76, 58, 84, 25, 25, 40, 55, 32, 60)
INSERT INTO Wymiary (ID_wymiary, Wzrost, Obwod_Klatka_Piersiowa, Obwod_Biodra, Obwod_Talia, Dlugosc_Reka, Dlugosc_Noga, Obwod_Nadgarstek, Obwod_Kostka, Obwod_Lydka, Obwod_Udo, Obwod_Szyja, Dlugosc_Klatka_Piersiowa) VALUES (3, 171, 83, 82, 76, 64, 86, 22, 22, 35, 60, 30, 58)
INSERT INTO Wymiary (ID_wymiary, Wzrost, Obwod_Klatka_Piersiowa, Obwod_Biodra, Obwod_Talia, Dlugosc_Reka, Dlugosc_Noga, Obwod_Nadgarstek, Obwod_Kostka, Obwod_Lydka, Obwod_Udo, Obwod_Szyja, Dlugosc_Klatka_Piersiowa) VALUES (4, 160, 80, 82, 76, 53, 84, 24, 23, 37, 52, 25, 55)
INSERT INTO Wymiary (ID_wymiary, Wzrost, Obwod_Klatka_Piersiowa, Obwod_Biodra, Obwod_Talia, Dlugosc_Reka, Dlugosc_Noga, Obwod_Nadgarstek, Obwod_Kostka, Obwod_Lydka, Obwod_Udo, Obwod_Szyja, Dlugosc_Klatka_Piersiowa) VALUES (5, 152, 90, 90, 76, 44, 81, 21, 21, 38, 51, 27, 54)
INSERT INTO Wymiary (ID_wymiary, Wzrost, Obwod_Klatka_Piersiowa, Obwod_Biodra, Obwod_Talia, Dlugosc_Reka, Dlugosc_Noga, Obwod_Nadgarstek, Obwod_Kostka, Obwod_Lydka, Obwod_Udo, Obwod_Szyja, Dlugosc_Klatka_Piersiowa) VALUES (6, 178, 91, 90, 76, 55, 86, 23, 23, 41, 56, 35, 52)
INSERT INTO Wymiary (ID_wymiary, Wzrost, Obwod_Klatka_Piersiowa, Obwod_Biodra, Obwod_Talia, Dlugosc_Reka, Dlugosc_Noga, Obwod_Nadgarstek, Obwod_Kostka, Obwod_Lydka, Obwod_Udo, Obwod_Szyja, Dlugosc_Klatka_Piersiowa) VALUES (7, 189, 100, 98, 76, 65, 90, 27, 27, 39, 53, 33, 57)
INSERT INTO Wymiary (ID_wymiary, Wzrost, Obwod_Klatka_Piersiowa, Obwod_Biodra, Obwod_Talia, Dlugosc_Reka, Dlugosc_Noga, Obwod_Nadgarstek, Obwod_Kostka, Obwod_Lydka, Obwod_Udo, Obwod_Szyja, Dlugosc_Klatka_Piersiowa) VALUES (8, 158, 88, 90, 76, 47, 82, 26, 26, 35, 58, 32, 55)
INSERT INTO Wymiary (ID_wymiary, Wzrost, Obwod_Klatka_Piersiowa, Obwod_Biodra, Obwod_Talia, Dlugosc_Reka, Dlugosc_Noga, Obwod_Nadgarstek, Obwod_Kostka, Obwod_Lydka, Obwod_Udo, Obwod_Szyja, Dlugosc_Klatka_Piersiowa) VALUES (9, 160, 86, 88, 76, 48, 81, 25, 25, 34, 59, 24, 50)
INSERT INTO Wymiary (ID_wymiary, Wzrost, Obwod_Klatka_Piersiowa, Obwod_Biodra, Obwod_Talia, Dlugosc_Reka, Dlugosc_Noga, Obwod_Nadgarstek, Obwod_Kostka, Obwod_Lydka, Obwod_Udo, Obwod_Szyja, Dlugosc_Klatka_Piersiowa) VALUES (10, 188, 91, 93, 76, 59, 87, 21, 21, 38, 61, 37, 51)
INSERT INTO Wymiary (ID_wymiary, Wzrost, Obwod_Klatka_Piersiowa, Obwod_Biodra, Obwod_Talia, Dlugosc_Reka, Dlugosc_Noga, Obwod_Nadgarstek, Obwod_Kostka, Obwod_Lydka, Obwod_Udo, Obwod_Szyja, Dlugosc_Klatka_Piersiowa) VALUES (11, 190, 82, 82, 76, 65, 100, 28, 28, 40, 62, 30, 65)
INSERT INTO Wymiary (ID_wymiary, Wzrost, Obwod_Klatka_Piersiowa, Obwod_Biodra, Obwod_Talia, Dlugosc_Reka, Dlugosc_Noga, Obwod_Nadgarstek, Obwod_Kostka, Obwod_Lydka, Obwod_Udo, Obwod_Szyja, Dlugosc_Klatka_Piersiowa) VALUES (12, 164, 89, 89, 76, 48, 83, 19, 19, 42, 55, 28, 62)
INSERT INTO Wymiary (ID_wymiary, Wzrost, Obwod_Klatka_Piersiowa, Obwod_Biodra, Obwod_Talia, Dlugosc_Reka, Dlugosc_Noga, Obwod_Nadgarstek, Obwod_Kostka, Obwod_Lydka, Obwod_Udo, Obwod_Szyja, Dlugosc_Klatka_Piersiowa) VALUES (13, 166, 90, 90, 76, 48, 82, 26, 26, 44, 58, 31, 59)
INSERT INTO Wymiary (ID_wymiary, Wzrost, Obwod_Klatka_Piersiowa, Obwod_Biodra, Obwod_Talia, Dlugosc_Reka, Dlugosc_Noga, Obwod_Nadgarstek, Obwod_Kostka, Obwod_Lydka, Obwod_Udo, Obwod_Szyja, Dlugosc_Klatka_Piersiowa) VALUES (14, 173, 92, 95, 76, 49, 85, 28, 28, 47, 60, 34, 54)
INSERT INTO Wymiary (ID_wymiary, Wzrost, Obwod_Klatka_Piersiowa, Obwod_Biodra, Obwod_Talia, Dlugosc_Reka, Dlugosc_Noga, Obwod_Nadgarstek, Obwod_Kostka, Obwod_Lydka, Obwod_Udo, Obwod_Szyja, Dlugosc_Klatka_Piersiowa) VALUES (15, 158, 86, 90, 76, 47, 82, 24, 24, 39, 64, 26, 58)
INSERT INTO Wymiary (ID_wymiary, Wzrost, Obwod_Klatka_Piersiowa, Obwod_Biodra, Obwod_Talia, Dlugosc_Reka, Dlugosc_Noga, Obwod_Nadgarstek, Obwod_Kostka, Obwod_Lydka, Obwod_Udo, Obwod_Szyja, Dlugosc_Klatka_Piersiowa) VALUES (16, 163, 88, 88, 76, 47, 84, 25, 25, 38, 62, 31, 55)
INSERT INTO Wymiary (ID_wymiary, Wzrost, Obwod_Klatka_Piersiowa, Obwod_Biodra, Obwod_Talia, Dlugosc_Reka, Dlugosc_Noga, Obwod_Nadgarstek, Obwod_Kostka, Obwod_Lydka, Obwod_Udo, Obwod_Szyja, Dlugosc_Klatka_Piersiowa) VALUES (17, 172, 91, 87, 76, 48, 83, 27, 27, 41, 56, 28, 50)
INSERT INTO Wymiary (ID_wymiary, Wzrost, Obwod_Klatka_Piersiowa, Obwod_Biodra, Obwod_Talia, Dlugosc_Reka, Dlugosc_Noga, Obwod_Nadgarstek, Obwod_Kostka, Obwod_Lydka, Obwod_Udo, Obwod_Szyja, Dlugosc_Klatka_Piersiowa) VALUES (18, 161, 85, 88, 76, 48, 82, 26, 26, 42, 53, 30, 57)
INSERT INTO Wymiary (ID_wymiary, Wzrost, Obwod_Klatka_Piersiowa, Obwod_Biodra, Obwod_Talia, Dlugosc_Reka, Dlugosc_Noga, Obwod_Nadgarstek, Obwod_Kostka, Obwod_Lydka, Obwod_Udo, Obwod_Szyja, Dlugosc_Klatka_Piersiowa) VALUES (19, 155, 90, 90, 76, 43, 83, 23, 23, 39, 51, 27, 52)
INSERT INTO Wymiary (ID_wymiary, Wzrost, Obwod_Klatka_Piersiowa, Obwod_Biodra, Obwod_Talia, Dlugosc_Reka, Dlugosc_Noga, Obwod_Nadgarstek, Obwod_Kostka, Obwod_Lydka, Obwod_Udo, Obwod_Szyja, Dlugosc_Klatka_Piersiowa) VALUES (20, 159, 87, 87, 76, 44, 80, 22, 22, 36, 52, 24, 51)
INSERT INTO Wymiary (ID_wymiary, Wzrost, Obwod_Klatka_Piersiowa, Obwod_Biodra, Obwod_Talia, Dlugosc_Reka, Dlugosc_Noga, Obwod_Nadgarstek, Obwod_Kostka, Obwod_Lydka, Obwod_Udo, Obwod_Szyja, Dlugosc_Klatka_Piersiowa) VALUES (21, 178, 99, 100, 76, 53, 87, 20, 20, 37, 56, 29, 56)
INSERT INTO Wymiary (ID_wymiary, Wzrost, Obwod_Klatka_Piersiowa, Obwod_Biodra, Obwod_Talia, Dlugosc_Reka, Dlugosc_Noga, Obwod_Nadgarstek, Obwod_Kostka, Obwod_Lydka, Obwod_Udo, Obwod_Szyja, Dlugosc_Klatka_Piersiowa) VALUES (22, 185, 98, 96, 76, 54, 86, 21, 21, 36, 58, 28, 53)
INSERT INTO Wymiary (ID_wymiary, Wzrost, Obwod_Klatka_Piersiowa, Obwod_Biodra, Obwod_Talia, Dlugosc_Reka, Dlugosc_Noga, Obwod_Nadgarstek, Obwod_Kostka, Obwod_Lydka, Obwod_Udo, Obwod_Szyja, Dlugosc_Klatka_Piersiowa) VALUES (23, 180, 85, 92, 76, 57, 88, 24, 24, 39, 64, 26, 50)
INSERT INTO Wymiary (ID_wymiary, Wzrost, Obwod_Klatka_Piersiowa, Obwod_Biodra, Obwod_Talia, Dlugosc_Reka, Dlugosc_Noga, Obwod_Nadgarstek, Obwod_Kostka, Obwod_Lydka, Obwod_Udo, Obwod_Szyja, Dlugosc_Klatka_Piersiowa) VALUES (24, 176, 90, 91, 76, 50, 87, 23, 23, 35,60, 27, 58)
INSERT INTO Wymiary (ID_wymiary, Wzrost, Obwod_Klatka_Piersiowa, Obwod_Biodra, Obwod_Talia, Dlugosc_Reka, Dlugosc_Noga, Obwod_Nadgarstek, Obwod_Kostka, Obwod_Lydka, Obwod_Udo, Obwod_Szyja, Dlugosc_Klatka_Piersiowa) VALUES (25, 174, 99, 99, 76, 52, 86, 22, 22, 42, 56, 30, 52)
INSERT INTO Wymiary (ID_wymiary, Wzrost, Obwod_Klatka_Piersiowa, Obwod_Biodra, Obwod_Talia, Dlugosc_Reka, Dlugosc_Noga, Obwod_Nadgarstek, Obwod_Kostka, Obwod_Lydka, Obwod_Udo, Obwod_Szyja, Dlugosc_Klatka_Piersiowa) VALUES (26, 187, 95, 93, 76, 59, 89, 26, 26, 40, 53, 33, 55)
INSERT INTO Wymiary (ID_wymiary, Wzrost, Obwod_Klatka_Piersiowa, Obwod_Biodra, Obwod_Talia, Dlugosc_Reka, Dlugosc_Noga, Obwod_Nadgarstek, Obwod_Kostka, Obwod_Lydka, Obwod_Udo, Obwod_Szyja, Dlugosc_Klatka_Piersiowa) VALUES (27, 184, 93, 92, 76, 57, 88, 24, 24, 38, 51, 31, 53)
INSERT INTO Wymiary (ID_wymiary, Wzrost, Obwod_Klatka_Piersiowa, Obwod_Biodra, Obwod_Talia, Dlugosc_Reka, Dlugosc_Noga, Obwod_Nadgarstek, Obwod_Kostka, Obwod_Lydka, Obwod_Udo, Obwod_Szyja, Dlugosc_Klatka_Piersiowa) VALUES (28, 193, 101, 97, 76, 65, 100, 20, 20, 37, 57, 31, 50)
INSERT INTO Wymiary (ID_wymiary, Wzrost, Obwod_Klatka_Piersiowa, Obwod_Biodra, Obwod_Talia, Dlugosc_Reka, Dlugosc_Noga, Obwod_Nadgarstek, Obwod_Kostka, Obwod_Lydka, Obwod_Udo, Obwod_Szyja, Dlugosc_Klatka_Piersiowa) VALUES (29, 167, 88, 90, 76, 48, 84, 21, 21, 41, 59, 28, 52)
INSERT INTO Wymiary (ID_wymiary, Wzrost, Obwod_Klatka_Piersiowa, Obwod_Biodra, Obwod_Talia, Dlugosc_Reka, Dlugosc_Noga, Obwod_Nadgarstek, Obwod_Kostka, Obwod_Lydka, Obwod_Udo, Obwod_Szyja, Dlugosc_Klatka_Piersiowa) VALUES (30, 168, 91, 91, 76, 50, 82, 26, 26, 36, 54, 32, 57)

SELECT * FROM Wymiary

-- tabela Klient

INSERT INTO Klient (ID_Klient, Imie, Nazwisko, Nr_telefonu, Miasto, Plec, ID_wymiary) VALUES (1, 'Katarzyna', 'Nowak', 673908435, 'Katowice', 0, 1)
INSERT INTO Klient (ID_Klient, Imie, Nazwisko, Nr_telefonu, Miasto, Plec, ID_wymiary) VALUES (2, 'Marcelina', 'Duda', 876437276, 'Mys³owice', 0, 2)
INSERT INTO Klient (ID_Klient, Imie, Nazwisko, Nr_telefonu, Miasto, Plec, ID_wymiary) VALUES (3, 'Weronika', 'Ka³u¿a', 752439183, 'Warszawa', 0, 3)
INSERT INTO Klient (ID_Klient, Imie, Nazwisko, Nr_telefonu, Miasto, Plec, ID_wymiary) VALUES (4, 'Micha³', 'Dobrwolski', 654392735, 'Poznañ', 1, 4)
INSERT INTO Klient (ID_Klient, Imie, Nazwisko, Nr_telefonu, Miasto, Plec, ID_wymiary) VALUES (5, 'Artur', 'Wêgrzyk', 823546732, 'Bêdzin', 1, 5)
INSERT INTO Klient (ID_Klient, Imie, Nazwisko, Nr_telefonu, Miasto, Plec, ID_wymiary) VALUES (6, 'Marta', 'Chmiela', 946539498, 'Wroc³aw', 0, 6)
INSERT INTO Klient (ID_Klient, Imie, Nazwisko, Nr_telefonu, Miasto, Plec, ID_wymiary) VALUES (7, 'Radek', 'Orlof', 564536829, 'Kraków', 1, 7)
INSERT INTO Klient (ID_Klient, Imie, Nazwisko, Nr_telefonu, Miasto, Plec, ID_wymiary) VALUES (8, 'Wiktoria', 'Drzwiñska', 876463288, 'Gdañsk', 0, 8)
INSERT INTO Klient (ID_Klient, Imie, Nazwisko, Nr_telefonu, Miasto, Plec, ID_wymiary) VALUES (9, 'Oliwia', 'Kubica', 364298736, 'Modlin', 0, 9)
INSERT INTO Klient (ID_Klient, Imie, Nazwisko, Nr_telefonu, Miasto, Plec, ID_wymiary) VALUES (10, 'Damian', 'Kluz', 536292873, '£ódŸ', 1, 10)
INSERT INTO Klient (ID_Klient, Imie, Nazwisko, Nr_telefonu, Miasto, Plec, ID_wymiary) VALUES (11, 'Rafa³', 'D¹bek', 654372837, 'Rzeszów', 1, 11)
INSERT INTO Klient (ID_Klient, Imie, Nazwisko, Nr_telefonu, Miasto, Plec, ID_wymiary) VALUES (12, 'Paulina', 'Nowicka', 465362795, 'Potrków Trybunalski', 0, 12)
INSERT INTO Klient (ID_Klient, Imie, Nazwisko, Nr_telefonu, Miasto, Plec, ID_wymiary) VALUES (13, 'Anna', 'Zra³ek', 456548854, 'Konin', 0, 13)
INSERT INTO Klient (ID_Klient, Imie, Nazwisko, Nr_telefonu, Miasto, Plec, ID_wymiary) VALUES (14, 'Monis³awa', 'Kowalska', 309861342, 'Kalisz', 0, 14)
INSERT INTO Klient (ID_Klient, Imie, Nazwisko, Nr_telefonu, Miasto, Plec, ID_wymiary) VALUES (15, 'Jan', 'Baron', 145780986, 'Rybnik', 1, 15)
INSERT INTO Klient (ID_Klient, Imie, Nazwisko, Nr_telefonu, Miasto, Plec, ID_wymiary) VALUES (16, 'Ula', 'Fikus', 547436436, 'Chorzów', 0, 16)
INSERT INTO Klient (ID_Klient, Imie, Nazwisko, Nr_telefonu, Miasto, Plec, ID_wymiary) VALUES (17, 'Sandra', 'Mrozek', 253257654, 'Gniezno', 0, 17)
INSERT INTO Klient (ID_Klient, Imie, Nazwisko, Nr_telefonu, Miasto, Plec, ID_wymiary) VALUES (18, 'Kinga', 'Fraczek', 322456787, 'Trzebnica', 0, 18)
INSERT INTO Klient (ID_Klient, Imie, Nazwisko, Nr_telefonu, Miasto, Plec, ID_wymiary) VALUES (19, 'Adrianna', 'Kwiatek', 569664432, 'Kolbuszowa', 0, 19)
INSERT INTO Klient (ID_Klient, Imie, Nazwisko, Nr_telefonu, Miasto, Plec, ID_wymiary) VALUES (20, 'Aleksandra', 'Marchewka', 555473626, 'O³awa', 0, 20)
INSERT INTO Klient (ID_Klient, Imie, Nazwisko, Nr_telefonu, Miasto, Plec, ID_wymiary) VALUES (21, 'Krzysztof', 'Kubik', 265345678, 'Wieliczka', 1, 21)
INSERT INTO Klient (ID_Klient, Imie, Nazwisko, Nr_telefonu, Miasto, Plec, ID_wymiary) VALUES (22, 'Adrian', 'B¹bik', 654384320, 'Ojców', 1, 22)
INSERT INTO Klient (ID_Klient, Imie, Nazwisko, Nr_telefonu, Miasto, Plec, ID_wymiary) VALUES (23, 'Ksenia', 'Kwiatkowska', 983746387, 'Sopot', 0, 23)
INSERT INTO Klient (ID_Klient, Imie, Nazwisko, Nr_telefonu, Miasto, Plec, ID_wymiary) VALUES (24, 'Beata', 'Oliwka', 647382983, 'Malbork', 0, 24)
INSERT INTO Klient (ID_Klient, Imie, Nazwisko, Nr_telefonu, Miasto, Plec, ID_wymiary) VALUES (25, 'Oliwia', 'Znaczek', 746198373, 'Olsztyn', 0, 25)
INSERT INTO Klient (ID_Klient, Imie, Nazwisko, Nr_telefonu, Miasto, Plec, ID_wymiary) VALUES (26, 'Zbigniew', 'Nowak', 298374644, 'Szczytno', 1, 26)
INSERT INTO Klient (ID_Klient, Imie, Nazwisko, Nr_telefonu, Miasto, Plec, ID_wymiary) VALUES (27, 'Adam', 'Latos', 732028347, 'Pruszów', 1, 27)
INSERT INTO Klient (ID_Klient, Imie, Nazwisko, Nr_telefonu, Miasto, Plec, ID_wymiary) VALUES (28, 'Igor', 'Kalosz', 387364329, 'Sochaczew', 1, 28)
INSERT INTO Klient (ID_Klient, Imie, Nazwisko, Nr_telefonu, Miasto, Plec, ID_wymiary) VALUES (29, 'Iga', 'Domeczek', 827364238, 'Kutno', 0, 29)
INSERT INTO Klient (ID_Klient, Imie, Nazwisko, Nr_telefonu, Miasto, Plec, ID_wymiary) VALUES (30, 'Agata', 'Herok', 454362934, 'Czêstochowa', 0, 30)

SELECT * FROM Klient

-- tabela ZamowieniaKlient

INSERT INTO ZamowieniaKlient (ID_zamowienie, Cena, Szczegoly, Data_zlozenia_zamowienia, Data_wyslania_zamowienia, ID_Klient) VALUES(1, 80, 'sukienka z ko³a, aksamit', '2019-02-12 12:22:07', '2019-02-19 13:24:54', 1)
INSERT INTO ZamowieniaKlient (ID_zamowienie, Cena, Szczegoly, Data_zlozenia_zamowienia, Data_wyslania_zamowienia, ID_Klient) VALUES(2, 100, 'spodnie z jeansu', '2019-05-23 12:55:17','2019-06-01 08:12:01', 2)
INSERT INTO ZamowieniaKlient (ID_zamowienie, Cena, Szczegoly, Data_zlozenia_zamowienia, Data_wyslania_zamowienia, ID_Klient) VALUES(3, 150, 'spódniczka o³ówka, we³na', '2019-08-19 15:34:27', '2019-08-24 07:44:00', 3)
INSERT INTO ZamowieniaKlient (ID_zamowienie, Cena, Szczegoly, Data_zlozenia_zamowienia, Data_wyslania_zamowienia, ID_Klient) VALUES(4, 95, 'spodnie garniturowe, granatowe', '2019-11-20 08:25:22', '2019-11-25 13:07:27', 4)
INSERT INTO ZamowieniaKlient (ID_zamowienie, Cena, Szczegoly, Data_zlozenia_zamowienia, Data_wyslania_zamowienia, ID_Klient) VALUES(5, 1500, 'garnitur, krata bia³a na granacie', '2019-04-09 11:23:47', '2019-04-15 16:34:11', 5)
INSERT INTO ZamowieniaKlient (ID_zamowienie, Cena, Szczegoly, Data_zlozenia_zamowienia, Data_wyslania_zamowienia, ID_Klient) VALUES(6, 145, 'koszula z czerwonej ¿or¿ety', '2019-10-17 10:37:28', '2019-10-21 09:51:18', 6)
INSERT INTO ZamowieniaKlient (ID_zamowienie, Cena, Szczegoly, Data_zlozenia_zamowienia, Data_wyslania_zamowienia, ID_Klient) VALUES(7, 40, 'zwê¿anie spodni', '2019-06-28 17:14:36', '2019-07-02 10:11:39', 7)
INSERT INTO ZamowieniaKlient (ID_zamowienie, Cena, Szczegoly, Data_zlozenia_zamowienia, Data_wyslania_zamowienia, ID_Klient) VALUES(8, 89, 'bluzka z krótkim rêkawem, aksamit', '2019-02-14 14:33:30', '2019-02-27 11:52:33', 8)
INSERT INTO ZamowieniaKlient (ID_zamowienie, Cena, Szczegoly, Data_zlozenia_zamowienia, Data_wyslania_zamowienia, ID_Klient) VALUES(9, 30, 'skrócenie spódnicy', '2019-09-22 20:11:57', '2019-09-30 13:10:54', 9)
INSERT INTO ZamowieniaKlient (ID_zamowienie, Cena, Szczegoly, Data_zlozenia_zamowienia, Data_wyslania_zamowienia, ID_Klient) VALUES(10, 1500, 'granitur czarny, we³na', '2020-03-10  10:22:57', '2020-03-25 07:21:13', 10)
INSERT INTO ZamowieniaKlient (ID_zamowienie, Cena, Szczegoly, Data_zlozenia_zamowienia, Data_wyslania_zamowienia, ID_Klient) VALUES(11, 169, 'spodnie granatowe, we³na', '2019-07-04 19:51:13', '2019-07-12 15:26:41', 11)
INSERT INTO ZamowieniaKlient (ID_zamowienie, Cena, Szczegoly, Data_zlozenia_zamowienia, Data_wyslania_zamowienia, ID_Klient) VALUES(12, 89, 'spódnica plisowana, purpurowy aksamit', '2019-11-30 16:50:00', '2019-12-05 09:22:15', 12)
INSERT INTO ZamowieniaKlient (ID_zamowienie, Cena, Szczegoly, Data_zlozenia_zamowienia, Data_wyslania_zamowienia, ID_Klient) VALUES(13, 50, 'wymiana zamka w kurtce', '2019-05-21 09:43:11', '2019-05-29 11:54:09', 13)
INSERT INTO ZamowieniaKlient (ID_zamowienie, Cena, Szczegoly, Data_zlozenia_zamowienia, Data_wyslania_zamowienia, ID_Klient) VALUES(14, 80, 'sukienka o³ówkowa, szara', '2019-08-26 11:35:27', '2019-09-02 08:43:00', 14)
INSERT INTO ZamowieniaKlient (ID_zamowienie, Cena, Szczegoly, Data_zlozenia_zamowienia, Data_wyslania_zamowienia, ID_Klient) VALUES(15, 120, 'koszula bia³a', '2019-12-12 18:58:00', '2019-12-29 07:49:12', 15)
INSERT INTO ZamowieniaKlient (ID_zamowienie, Cena, Szczegoly, Data_zlozenia_zamowienia, Data_wyslania_zamowienia, ID_Klient) VALUES(16, 60, 'skrócenie i zwê¿enie spódnicy', '2019-01-23 10:39:51', '2019-01-30 16:27:13', 16)
INSERT INTO ZamowieniaKlient (ID_zamowienie, Cena, Szczegoly, Data_zlozenia_zamowienia, Data_wyslania_zamowienia, ID_Klient) VALUES(17, 100, 'spodnie granatowe', '2019-06-18 18:54:44', '2019-06-26 14:23:38', 17)
INSERT INTO ZamowieniaKlient (ID_zamowienie, Cena, Szczegoly, Data_zlozenia_zamowienia, Data_wyslania_zamowienia, ID_Klient) VALUES(18, 130, 'sukienka z romba, czerwona w granatow¹ kratê', '2019-06-30 13:22:17', '2019-07-07 17:20:11', 18)
INSERT INTO ZamowieniaKlient (ID_zamowienie, Cena, Szczegoly, Data_zlozenia_zamowienia, Data_wyslania_zamowienia, ID_Klient) VALUES(19, 50, 'wymiaan zamka w bluzie', '2019-02-02 17:53:10', '2019-02-11 09:10:23', 19)
INSERT INTO ZamowieniaKlient (ID_zamowienie, Cena, Szczegoly, Data_zlozenia_zamowienia, Data_wyslania_zamowienia, ID_Klient) VALUES(20, 90, 'spódnica tulipan, ¿ó³ta', '2019-04-29 14:20:57', '2019-05-12 12:35:01', 20)
INSERT INTO ZamowieniaKlient (ID_zamowienie, Cena, Szczegoly, Data_zlozenia_zamowienia, Data_wyslania_zamowienia, ID_Klient) VALUES(21, 160, 'spodnie kremowe, we³na', '2019-05-18 15:06:33', '2019-05-24 13:13:44', 21)
INSERT INTO ZamowieniaKlient (ID_zamowienie, Cena, Szczegoly, Data_zlozenia_zamowienia, Data_wyslania_zamowienia, ID_Klient) VALUES(22, 70, 'zwê¿enie koszuli', '2019-09-11 17:37:13','2019-09-19 14:11:06', 22)
INSERT INTO ZamowieniaKlient (ID_zamowienie, Cena, Szczegoly, Data_zlozenia_zamowienia, Data_wyslania_zamowienia, ID_Klient) VALUES(23, 98, 'sukienka prosta z zak³adkami, niebieska', '2019-11-15 16:16:00', '2019-11-21 11:50:11', 23)
INSERT INTO ZamowieniaKlient (ID_zamowienie, Cena, Szczegoly, Data_zlozenia_zamowienia, Data_wyslania_zamowienia, ID_Klient) VALUES(24, 40, 'skrócenie spodni', '2020-02-26 08:13:11', '2020-03-04 08:21:17', 24)
INSERT INTO ZamowieniaKlient (ID_zamowienie, Cena, Szczegoly, Data_zlozenia_zamowienia, Data_wyslania_zamowienia, ID_Klient) VALUES(25, 110, 'bluzka z d³ugim rêkawem, ¿or¿eta chabrowa', '2020-01-24 16:27:22', '2020-02-01 11:56:00', 25)
INSERT INTO ZamowieniaKlient (ID_zamowienie, Cena, Szczegoly, Data_zlozenia_zamowienia, Data_wyslania_zamowienia, ID_Klient) VALUES(26, 130, 'spodnie garniturowe granatowe, we³na', '2020-01-19 09:21:45', '2020-01-25 13:12:27', 26)
INSERT INTO ZamowieniaKlient (ID_zamowienie, Cena, Szczegoly, Data_zlozenia_zamowienia, Data_wyslania_zamowienia, ID_Klient) VALUES(27, 1500, 'garnitur granatowy, we³na', '2020-02-17 21:43:00', '2020-02-23 16:31:11', 27)
INSERT INTO ZamowieniaKlient (ID_zamowienie, Cena, Szczegoly, Data_zlozenia_zamowienia, Data_wyslania_zamowienia, ID_Klient) VALUES(28, 70, 'skrócenie i zwê¿enie garnituru', '2020-02-04 18:53:03', '2020-02-16 15:13:59', 28)
INSERT INTO ZamowieniaKlient (ID_zamowienie, Cena, Szczegoly, Data_zlozenia_zamowienia, Data_wyslania_zamowienia, ID_Klient) VALUES(29, 100, 'spódnica z ko³a, granatowa we³na', '2020-03-14 14:10:09', '2020-03-19 18:10:00', 29)
INSERT INTO ZamowieniaKlient (ID_zamowienie, Cena, Szczegoly, Data_zlozenia_zamowienia, Data_wyslania_zamowienia, ID_Klient) VALUES(30, 200, 'p³aszcz we³niany krótki', '2020-03-29 11:22:06', '2020-04-09 16:20:23', 30)

SELECT * FROM ZamowieniaKlient

-- tabela Zarobki

INSERT INTO Zarobki (ID_zarobki, Data, Suma, ID_pracownik, ID_zamowienie) VALUES (1, '2019-02-12 12:22:07', 80, 2, 1)
INSERT INTO Zarobki (ID_zarobki, Data, Suma, ID_pracownik, ID_zamowienie) VALUES (2, '2019-05-23 12:55:17', 100, 3, 2)
INSERT INTO Zarobki (ID_zarobki, Data, Suma, ID_pracownik, ID_zamowienie) VALUES (3, '2019-08-19 15:34:27', 150, 8, 3)
INSERT INTO Zarobki (ID_zarobki, Data, Suma, ID_pracownik, ID_zamowienie) VALUES (4, '2019-11-20 08:25:22', 95, 6, 4)
INSERT INTO Zarobki (ID_zarobki, Data, Suma, ID_pracownik, ID_zamowienie) VALUES (5, '2019-04-09 11:23:47', 1500, 10, 5)
INSERT INTO Zarobki (ID_zarobki, Data, Suma, ID_pracownik, ID_zamowienie) VALUES (6, '2019-10-17 10:37:28', 145, 9, 6)
INSERT INTO Zarobki (ID_zarobki, Data, Suma, ID_pracownik, ID_zamowienie) VALUES (7, '2019-06-28 17:14:36', 40, 4, 7)
INSERT INTO Zarobki (ID_zarobki, Data, Suma, ID_pracownik, ID_zamowienie) VALUES (8, '2020-02-14 14:33:30', 89, 1, 8)
INSERT INTO Zarobki (ID_zarobki, Data, Suma, ID_pracownik, ID_zamowienie) VALUES (9, '2019-09-22 20:11:00', 30, 16, 9)
INSERT INTO Zarobki (ID_zarobki, Data, Suma, ID_pracownik, ID_zamowienie) VALUES (10, '2020-03-10 10:22:57', 1500, 5, 10)
INSERT INTO Zarobki (ID_zarobki, Data, Suma, ID_pracownik, ID_zamowienie) VALUES (11, '2019-07-04 19:51:13', 169, 7, 11)
INSERT INTO Zarobki (ID_zarobki, Data, Suma, ID_pracownik, ID_zamowienie) VALUES (12, '2019-11-30 16:50:00', 89, 13, 12)
INSERT INTO Zarobki (ID_zarobki, Data, Suma, ID_pracownik, ID_zamowienie) VALUES (13, '2019-05-21 09:43:11', 50, 22, 13)
INSERT INTO Zarobki (ID_zarobki, Data, Suma, ID_pracownik, ID_zamowienie) VALUES (14, '2019-08-26 11:35:27', 80, 21, 14)
INSERT INTO Zarobki (ID_zarobki, Data, Suma, ID_pracownik, ID_zamowienie) VALUES (15, '2019-12-12 18:58:00', 120, 27, 15)
INSERT INTO Zarobki (ID_zarobki, Data, Suma, ID_pracownik, ID_zamowienie) VALUES (16, '2019-01-23 10:39:51', 60, 3, 16)
INSERT INTO Zarobki (ID_zarobki, Data, Suma, ID_pracownik, ID_zamowienie) VALUES (17, '2019-06-18 18:54:44', 100, 10, 17)
INSERT INTO Zarobki (ID_zarobki, Data, Suma, ID_pracownik, ID_zamowienie) VALUES (18, '2019-06-30 13:22:17', 130, 17, 18)
INSERT INTO Zarobki (ID_zarobki, Data, Suma, ID_pracownik, ID_zamowienie) VALUES (19, '2019-02-02 17:53:10', 50, 15, 19)
INSERT INTO Zarobki (ID_zarobki, Data, Suma, ID_pracownik, ID_zamowienie) VALUES (20, '2019-04-29 14:20:57', 90, 25, 20)
INSERT INTO Zarobki (ID_zarobki, Data, Suma, ID_pracownik, ID_zamowienie) VALUES (21, '2019-05-18 15:06:33', 160, 12, 21)
INSERT INTO Zarobki (ID_zarobki, Data, Suma, ID_pracownik, ID_zamowienie) VALUES (22, '2019-09-11 17:37:13', 70, 20, 22)
INSERT INTO Zarobki (ID_zarobki, Data, Suma, ID_pracownik, ID_zamowienie) VALUES (23, '2019-11-15 16:16:00', 98, 18, 23)
INSERT INTO Zarobki (ID_zarobki, Data, Suma, ID_pracownik, ID_zamowienie) VALUES (24, '2019-02-26 08:13:11', 40, 26, 24)
INSERT INTO Zarobki (ID_zarobki, Data, Suma, ID_pracownik, ID_zamowienie) VALUES (25, '2020-01-24 16:27:22', 110, 24, 25)
INSERT INTO Zarobki (ID_zarobki, Data, Suma, ID_pracownik, ID_zamowienie) VALUES (26, '2020-01-19 09:21:45', 130, 1, 26)
INSERT INTO Zarobki (ID_zarobki, Data, Suma, ID_pracownik, ID_zamowienie) VALUES (27, '2020-02-17 21:43:00', 1500, 26, 27)
INSERT INTO Zarobki (ID_zarobki, Data, Suma, ID_pracownik, ID_zamowienie) VALUES (28, '2020-02-04 18:53:03', 70, 18, 28)
INSERT INTO Zarobki (ID_zarobki, Data, Suma, ID_pracownik, ID_zamowienie) VALUES (29, '2020-03-14 14:10:09', 100, 30, 29)
INSERT INTO Zarobki (ID_zarobki, Data, Suma, ID_pracownik, ID_zamowienie) VALUES (30, '2020-03-29 11:22:06', 200, 23, 30)

SELECT * FROM Zarobki